name,price,emi,kilometer,fuel,transmission,link
2014 Honda City,3.49 lakh,"EMI ₹11,595/m","24,133 km",Petrol,Manual,https://www.cars24.com/buy-used-honda-city-2014-cars-new-delhi-10063861702/
2019 Maruti Swift,3.98 lakh,"EMI ₹7,034/m","79,933 km",Petrol,Manual,https://www.cars24.com/buy-used-maruti-swift-2019-cars-noida-10583260700/
2015 Hyundai Elite i20,3.37 lakh,"EMI ₹8,874/m","27,549 km",Petrol,Manual,https://www.cars24.com/buy-used-hyundai-elite-i20-2015-cars-noida-10049963763/
2023 Mahindra XUV700,15.85 lakh,"EMI ₹27,142/m","60,165 km",Petrol,Auto,https://www.cars24.com/buy-used-mahindra-xuv700-2023-cars-gurgaon-11576261700/
2023 KIA SONET,7.81 lakh,"EMI ₹13,789/m","7,223 km",Petrol,Manual,https://www.cars24.com/buy-used-kia-sonet-2023-cars-new-delhi-10083565767/
2018 Maruti Ciaz,5.84 lakh,"EMI ₹10,308/m","44,267 km",Petrol,Auto,https://www.cars24.com/buy-used-maruti-ciaz-2018-cars-noida-13871368739/
2025 Tata NEXON,12.16 lakh,"EMI ₹20,827/m","48,834 km",CNG,Manual,https://www.cars24.com/buy-used-tata-nexon-2025-cars-gurgaon-28856661704/
2024 KIA CARENS,10.44 lakh,"EMI ₹17,877/m","18,948 km",Petrol,Manual,https://www.cars24.com/buy-used-kia-carens-2024-cars-new-delhi-10053864765/
2020 Tata ALTROZ,4.89 lakh,"EMI ₹8,641/m","29,773 km",Petrol,Manual,https://www.cars24.com/buy-used-tata-altroz-2020-cars-noida-10520862700/
2018 Datsun Go,1.52 lakh,"EMI ₹3,381/m","1,00,243 km",Petrol,Manual,https://www.cars24.com/buy-used-datsun-go-2018-cars-noida-10010132792/
2018 Jeep Compass,5.88 lakh,"EMI ₹10,380/m","39,027 km",Petrol,Manual,https://www.cars24.com/buy-used-jeep-compass-2018-cars-new-delhi-10029162748/
2020 KIA SELTOS,9.50 lakh,"EMI ₹16,266/m","16,459 km",Petrol,Manual,https://www.cars24.com/buy-used-kia-seltos-2020-cars-new-delhi-10061961739/
2020 Honda Amaze,3.79 lakh,"EMI ₹6,690/m","83,769 km",CNG,Manual,https://www.cars24.com/buy-used-honda-amaze-2020-cars-gurgaon-10108560723/
2022 MG HECTOR,12.49 lakh,"EMI ₹21,386/m","53,227 km",Petrol,Auto,https://www.cars24.com/buy-used-mg-hector-2022-cars-gurgaon-10192063708/
2023 Maruti BREZZA,7.24 lakh,"EMI ₹12,781/m","45,821 km",Petrol,Manual,https://www.cars24.com/buy-used-maruti-brezza-2023-cars-ghaziabad-10080960743/
2022 Toyota Innova Crysta,23.50 lakh,"EMI ₹44,730/m","37,777 km",Diesel,Auto,https://www.cars24.com/buy-used-toyota-innova-crysta-2022-cars-new-delhi-10024066729/
2022 Mahindra Thar,12.75 lakh,"EMI ₹24,268/m","41,707 km",Diesel,Manual,https://www.cars24.com/buy-used-mahindra-thar-2022-cars-new-delhi-10077661744/
2018 Tata Tiago,2.52 lakh,"EMI ₹5,606/m","1,11,136 km",CNG,Manual,https://www.cars24.com/buy-used-tata-tiago-2018-cars-faridabad-10175861744/
2017 Renault Kwid,1.53 lakh,"EMI ₹2,991/m","86,916 km",Petrol,Manual,https://www.cars24.com/buy-used-renault-kwid-2017-cars-noida-10074669750/
2020 Hyundai VENUE,4.91 lakh,"EMI ₹8,674/m","39,068 km",Petrol,Manual,https://www.cars24.com/buy-used-hyundai-venue-2020-cars-ghaziabad-10086564702/
2021 Nissan MAGNITE,4.45 lakh,"EMI ₹7,855/m","76,472 km",Petrol,Auto,https://www.cars24.com/buy-used-nissan-magnite-2021-cars-gurgaon-10117765757/
2017 Skoda Octavia,7.89 lakh,"EMI ₹15,429/m","50,858 km",Petrol,Auto,https://www.cars24.com/buy-used-skoda-octavia-2017-cars-noida-10121767761/
2024 Maruti Swift,5.22 lakh,"EMI ₹9,224/m","42,012 km",Petrol,Manual,https://www.cars24.com/buy-used-maruti-swift-2024-cars-gurgaon-19454608755/
2023 Maruti Swift,4.75 lakh,"EMI ₹8,394/m","36,556 km",Petrol,Manual,https://www.cars24.com/buy-used-maruti-swift-2023-cars-gurgaon-11008765731/
2024 Hyundai Creta,16.75 lakh,"EMI ₹28,680/m","37,805 km",Petrol,Auto,https://www.cars24.com/buy-used-hyundai-creta-2024-cars-new-delhi-10061163745/
2020 Hyundai VENUE,5.30 lakh,"EMI ₹9,356/m","46,817 km",Petrol,Manual,https://www.cars24.com/buy-used-hyundai-venue-2020-cars-gurgaon-10102164700/
2016 Toyota Innova Crysta,7.44 lakh,"EMI ₹16,550/m","63,854 km",Petrol,Manual,https://www.cars24.com/buy-used-toyota-innova-crysta-2016-cars-new-delhi-11256963700/
2018 Renault Kwid,1.79 lakh,"EMI ₹3,160/m","45,837 km",Petrol,Manual,https://www.cars24.com/buy-used-renault-kwid-2018-cars-noida-10567563785/
2014 Maruti Swift Dzire,1.85 lakh,"EMI ₹6,145/m","73,335 km",Petrol,Manual,https://www.cars24.com/buy-used-maruti-swift-dzire-2014-cars-noida-10771663775/
2022 Volkswagen VIRTUS,6.93 lakh,"EMI ₹12,242/m","47,810 km",Petrol,Manual,https://www.cars24.com/buy-used-volkswagen-virtus-2022-cars-new-delhi-10077648783/
2023 Tata PUNCH,4.94 lakh,"EMI ₹8,714/m","48,572 km",Petrol,Manual,https://www.cars24.com/buy-used-tata-punch-2023-cars-new-delhi-10183265761/
2017 Tata Tiago,2.33 lakh,"EMI ₹4,555/m","85,073 km",Petrol,Auto,https://www.cars24.com/buy-used-tata-tiago-2017-cars-new-delhi-10031662745/
2024 MG ASTOR,8.09 lakh,"EMI ₹13,860/m","7,186 km",Petrol,Manual,https://www.cars24.com/buy-used-mg-astor-2024-cars-noida-15181667703/
2023 Tata PUNCH,4.80 lakh,"EMI ₹8,473/m","63,025 km",CNG,Manual,https://www.cars24.com/buy-used-tata-punch-2023-cars-noida-10064164705/
2022 Mahindra Thar,10.59 lakh,"EMI ₹20,156/m","52,746 km",Diesel,Manual,https://www.cars24.com/buy-used-mahindra-thar-2022-cars-noida-10029864762/
2020 Honda City,7.88 lakh,"EMI ₹13,910/m","64,666 km",Petrol,Auto,https://www.cars24.com/buy-used-honda-city-2020-cars-new-delhi-10031867738/
2022 Maruti Baleno,5.56 lakh,"EMI ₹9,815/m","53,910 km",CNG,Manual,https://www.cars24.com/buy-used-maruti-baleno-2022-cars-new-delhi-11597366784/
2021 Nissan MAGNITE,3.81 lakh,"EMI ₹6,726/m","64,663 km",Petrol,Manual,https://www.cars24.com/buy-used-nissan-magnite-2021-cars-gurgaon-13360767789/
2022 Maruti Swift,4.42 lakh,"EMI ₹7,803/m","30,191 km",Petrol,Manual,https://www.cars24.com/buy-used-maruti-swift-2022-cars-noida-11217360721/
2016 Renault Kwid,1.35 lakh,"EMI ₹3,003/m","35,006 km",Petrol,Manual,https://www.cars24.com/buy-used-renault-kwid-2016-cars-new-delhi-10031065722/
2022 MG ASTOR,7.88 lakh,"EMI ₹13,910/m","29,548 km",Petrol,Manual,https://www.cars24.com/buy-used-mg-astor-2022-cars-new-delhi-10070445727/
2017 Hyundai Elite i20,3.35 lakh,"EMI ₹6,549/m","49,797 km",Petrol,Manual,https://www.cars24.com/buy-used-hyundai-elite-i20-2017-cars-ghaziabad-10561466753/
2016 Maruti Swift,2.63 lakh,"EMI ₹5,850/m","48,857 km",Petrol,Manual,https://www.cars24.com/buy-used-maruti-swift-2016-cars-noida-10062749740/
2019 Maruti Baleno,3.75 lakh,"EMI ₹6,620/m","57,584 km",Petrol,Manual,https://www.cars24.com/buy-used-maruti-baleno-2019-cars-gurgaon-44591763720/
2018 Renault Kwid,1.68 lakh,"EMI ₹2,966/m","52,175 km",Petrol,Manual,https://www.cars24.com/buy-used-renault-kwid-2018-cars-gurgaon-11010860738/
2021 Maruti Baleno,4.13 lakh,"EMI ₹7,291/m","57,907 km",Petrol,Manual,https://www.cars24.com/buy-used-maruti-baleno-2021-cars-gurgaon-11038968703/
2019 Maruti Swift,3.84 lakh,"EMI ₹6,779/m","50,240 km",Petrol,Manual,https://www.cars24.com/buy-used-maruti-swift-2019-cars-new-delhi-10551860738/
2018 Ford Ecosport,4.78 lakh,"EMI ₹8,436/m","47,497 km",Petrol,Auto,https://www.cars24.com/buy-used-ford-ecosport-2018-cars-noida-10507168766/
2022 Tata ALTROZ,3.76 lakh,"EMI ₹6,637/m","46,019 km",Petrol,Manual,https://www.cars24.com/buy-used-tata-altroz-2022-cars-gurgaon-29640169791/
2017 Renault Kwid,1.66 lakh,"EMI ₹3,245/m","61,579 km",Petrol,Manual,https://www.cars24.com/buy-used-renault-kwid-2017-cars-new-delhi-11030562737/
2017 Hyundai Creta,4.90 lakh,"EMI ₹9,580/m","37,125 km",Petrol,Manual,https://www.cars24.com/buy-used-hyundai-creta-2017-cars-gurgaon-10193166742/
2020 Maruti Swift,3.72 lakh,"EMI ₹6,567/m","94,422 km",Petrol,Manual,https://www.cars24.com/buy-used-maruti-swift-2020-cars-new-delhi-10013566751/
2019 Maruti Baleno,3.76 lakh,"EMI ₹6,643/m","76,256 km",Petrol,Manual,https://www.cars24.com/buy-used-maruti-baleno-2019-cars-gurgaon-10191863737/
2024 Tata Harrier,22.00 lakh,"EMI ₹37,669/m","19,734 km",Diesel,Auto,https://www.cars24.com/buy-used-tata-harrier-2024-cars-new-delhi-10532163788/
2020 Hyundai Elite i20,3.91 lakh,"EMI ₹6,902/m","99,016 km",Petrol,Manual,https://www.cars24.com/buy-used-hyundai-elite-i20-2020-cars-gurgaon-11216363798/
2017 Hyundai Creta,6.42 lakh,"EMI ₹12,549/m","15,326 km",Petrol,Auto,https://www.cars24.com/buy-used-hyundai-creta-2017-cars-ghaziabad-10585769761/
2019 Honda Civic,8.06 lakh,"EMI ₹13,801/m","91,237 km",Petrol,Auto,https://www.cars24.com/buy-used-honda-civic-2019-cars-ghaziabad-29650965773/
2021 Tata ALTROZ,3.35 lakh,"EMI ₹5,914/m","70,238 km",Petrol,Manual,https://www.cars24.com/buy-used-tata-altroz-2021-cars-gurgaon-10097766745/
2017 Mahindra Scorpio,6.50 lakh,"EMI ₹57,769/m","61,856 km",Diesel,Manual,https://www.cars24.com/buy-used-mahindra-scorpio-2017-cars-noida-11216745725/
2021 Mahindra Thar,8.93 lakh,"EMI ₹15,290/m","54,240 km",Petrol,Auto,https://www.cars24.com/buy-used-mahindra-thar-2021-cars-gurgaon-11026166732/
2021 KIA SONET,6.68 lakh,"EMI ₹11,793/m","91,834 km",Petrol,Manual,https://www.cars24.com/buy-used-kia-sonet-2021-cars-faridabad-16306161727/
2019 Hyundai VENUE,4.90 lakh,"EMI ₹9,580/m","61,911 km",CNG,Manual,https://www.cars24.com/buy-used-hyundai-venue-2019-cars-new-delhi-10097762753/
2020 Skoda Rapid,5.28 lakh,"EMI ₹9,321/m","39,463 km",Petrol,Manual,https://www.cars24.com/buy-used-skoda-rapid-2020-cars-new-delhi-10068260744/
2022 Skoda KUSHAQ,13.90 lakh,"EMI ₹23,800/m","39,483 km",Petrol,Auto,https://www.cars24.com/buy-used-skoda-kushaq-2022-cars-new-delhi-10061563749/
2023 Tata TIGOR,3.99 lakh,"EMI ₹7,043/m","60,776 km",CNG,Manual,https://www.cars24.com/buy-used-tata-tigor-2023-cars-gurgaon-29660068770/
2022 Mahindra Thar,9.16 lakh,"EMI ₹15,684/m","43,511 km",Petrol,Manual,https://www.cars24.com/buy-used-mahindra-thar-2022-cars-noida-10509868740/
2019 Skoda Octavia,9.85 lakh,"EMI ₹16,866/m","86,649 km",Petrol,Auto,https://www.cars24.com/buy-used-skoda-octavia-2019-cars-new-delhi-10001363793/
2019 Renault Kwid,1.93 lakh,"EMI ₹3,407/m","63,301 km",Petrol,Manual,https://www.cars24.com/buy-used-renault-kwid-2019-cars-gurgaon-13324400766/
2021 Maruti New Wagon-R,3.74 lakh,"EMI ₹6,602/m","58,161 km",CNG,Manual,https://www.cars24.com/buy-used-maruti-new-wagon-r-2021-cars-faridabad-10059066785/
2023 KIA CARNIVAL,34.00 lakh,"EMI ₹58,216/m","30,755 km",Diesel,Auto,https://www.cars24.com/buy-used-kia-carnival-2023-cars-new-delhi-10016968782/
2024 Tata NEXON EV,14.75 lakh,"EMI ₹25,256/m","29,329 km",Electric,Auto,https://www.cars24.com/buy-used-tata-nexon-ev-2024-cars-new-delhi-10033068733/
2019 Tata Tiago,3.24 lakh,"EMI ₹5,719/m","57,314 km",Petrol,Manual,https://www.cars24.com/buy-used-tata-tiago-2019-cars-ghaziabad-11235460708/
2020 MG HECTOR PLUS,8.40 lakh,"EMI ₹14,383/m","70,261 km",Petrol,Manual,https://www.cars24.com/buy-used-mg-hector-plus-2020-cars-noida-10516361749/
2025 BMW 2 SERIES GRAN COUPE,39.50 lakh,"EMI ₹67,634/m","3,553 km",Petrol,Auto,https://www.cars24.com/buy-used-bmw-2-series-gran-coupe-2025-cars-new-delhi-10066264737/
2024 Hyundai ALCAZAR,18.50 lakh,"EMI ₹31,677/m","4,227 km",Petrol,Auto,https://www.cars24.com/buy-used-hyundai-alcazar-2024-cars-new-delhi-10060164782/
2024 Mahindra Thar Roxx,22.50 lakh,"EMI ₹38,525/m","23,963 km",Diesel,Auto,https://www.cars24.com/buy-used-mahindra-thar-roxx-2024-cars-new-delhi-10047969748/
2016 Maruti Baleno,2.71 lakh,"EMI ₹6,028/m","76,509 km",Petrol,Manual,https://www.cars24.com/buy-used-maruti-baleno-2016-cars-gurgaon-10165061781/
2015 Ford Figo Aspire,1.85 lakh,"EMI ₹4,872/m","1,00,082 km",Petrol,Manual,https://www.cars24.com/buy-used-ford-figo-aspire-2015-cars-noida-10023968794/
2024 Mahindra XUV700,23.00 lakh,"EMI ₹39,382/m","20,913 km",Diesel,Auto,https://www.cars24.com/buy-used-mahindra-xuv700-2024-cars-new-delhi-10032664786/
2024 Tata Curvv EV,16.75 lakh,"EMI ₹28,680/m","20,590 km",Electric,Auto,https://www.cars24.com/buy-used-tata-curvv-ev-2024-cars-new-delhi-10006561733/
2024 Tata Tiago,4.10 lakh,"EMI ₹7,238/m","8,717 km",Petrol,Manual,https://www.cars24.com/buy-used-tata-tiago-2024-cars-gurgaon-10139863769/
2024 MG HECTOR PLUS,17.50 lakh,"EMI ₹29,964/m","24,606 km",Petrol,Auto,https://www.cars24.com/buy-used-mg-hector-plus-2024-cars-new-delhi-10061961735/
2021 Maruti S PRESSO,2.44 lakh,"EMI ₹4,307/m","39,324 km",Petrol,Manual,https://www.cars24.com/buy-used-maruti-s-presso-2021-cars-gurgaon-10106563783/
2018 Ford Figo Aspire,2.93 lakh,"EMI ₹5,172/m","50,325 km",Petrol,Manual,https://www.cars24.com/buy-used-ford-figo-aspire-2018-cars-noida-11219669705/
2020 MG HECTOR,7.80 lakh,"EMI ₹13,769/m","85,500 km",Petrol,Manual,https://www.cars24.com/buy-used-mg-hector-2020-cars-new-delhi-10084167727/
2019 Maruti Dzire,3.79 lakh,"EMI ₹6,690/m","51,963 km",Petrol,Manual,https://www.cars24.com/buy-used-maruti-dzire-2019-cars-ghaziabad-10010968780/
2017 Hyundai New Elantra,6.02 lakh,"EMI ₹11,776/m","75,804 km",Petrol,Auto,https://www.cars24.com/buy-used-hyundai-new-elantra-2017-cars-ghaziabad-10582864748/
2020 Tata Harrier,6.98 lakh,"EMI ₹18,381/m","92,457 km",Diesel,Manual,https://www.cars24.com/buy-used-tata-harrier-2020-cars-gurgaon-10062769752/
2022 MG GLOSTER,29.50 lakh,"EMI ₹56,151/m","8,603 km",Diesel,Auto,https://www.cars24.com/buy-used-mg-gloster-2022-cars-new-delhi-10033162730/
2017 Skoda Superb,12.75 lakh,"EMI ₹24,268/m","36,581 km",Petrol,Auto,https://www.cars24.com/buy-used-skoda-superb-2017-cars-new-delhi-10065565737/
2022 MG ASTOR,6.78 lakh,"EMI ₹11,969/m","19,666 km",Petrol,Manual,https://www.cars24.com/buy-used-mg-astor-2022-cars-gurgaon-10153862740/
2021 KIA SONET,5.89 lakh,"EMI ₹10,400/m","56,768 km",Petrol,Manual,https://www.cars24.com/buy-used-kia-sonet-2021-cars-new-delhi-10061469705/
2022 Maruti XL6,6.79 lakh,"EMI ₹11,985/m","81,177 km",Petrol,Manual,https://www.cars24.com/buy-used-maruti-xl6-2022-cars-ghaziabad-1053718642/
2014 Volkswagen Polo,2.62 lakh,"EMI ₹8,702/m","70,943 km",Petrol,Manual,https://www.cars24.com/buy-used-volkswagen-polo-2014-cars-gurgaon-10180761703/
2025 Skoda Kylaq,8.93 lakh,"EMI ₹15,290/m","7,939 km",Petrol,Manual,https://www.cars24.com/buy-used-skoda-kylaq-2025-cars-gurgaon-10100460735/
2023 Maruti JIMNY,10.04 lakh,"EMI ₹17,191/m","68,705 km",Petrol,Auto,https://www.cars24.com/buy-used-maruti-jimny-2023-cars-noida-15136468781/
2021 Mercedes Benz GLC CLASS,39.50 lakh,"EMI ₹67,634/m","27,513 km",Petrol,Auto,https://www.cars24.com/buy-used-mercedes-benz-glc-class-2021-cars-new-delhi-10034662788/
2023 Hyundai NEW I20,5.69 lakh,"EMI ₹10,044/m","51,087 km",Petrol,Manual,https://www.cars24.com/buy-used-hyundai-new-i20-2023-cars-new-delhi-11238761744/
2019 Maruti Baleno,3.50 lakh,"EMI ₹6,175/m","95,031 km",Petrol,Manual,https://www.cars24.com/buy-used-maruti-baleno-2019-cars-ghaziabad-10596868749/
2018 Renault Kwid,1.82 lakh,"EMI ₹3,213/m","43,994 km",Petrol,Manual,https://www.cars24.com/buy-used-renault-kwid-2018-cars-ghaziabad-11251064791/
2018 Honda City,5.52 lakh,"EMI ₹9,735/m","30,883 km",Petrol,Manual,https://www.cars24.com/buy-used-honda-city-2018-cars-gurgaon-10102503760/
2020 Mahindra XUV300,4.57 lakh,"EMI ₹12,035/m","75,621 km",Diesel,Manual,https://www.cars24.com/buy-used-mahindra-xuv300-2020-cars-noida-10568465720/
2021 Renault Kwid,2.56 lakh,"EMI ₹4,519/m","66,912 km",Petrol,Manual,https://www.cars24.com/buy-used-renault-kwid-2021-cars-ghaziabad-11069561749/
2024 Tata PUNCH,5.66 lakh,"EMI ₹9,991/m","8,028 km",Petrol,Auto,https://www.cars24.com/buy-used-tata-punch-2024-cars-noida-36053402700/
2020 Honda City,6.46 lakh,"EMI ₹11,404/m","79,411 km",Petrol,Auto,https://www.cars24.com/buy-used-honda-city-2020-cars-gurgaon-16308967721/
2017 Volkswagen Ameo,2.82 lakh,"EMI ₹5,513/m","95,386 km",Petrol,Manual,https://www.cars24.com/buy-used-volkswagen-ameo-2017-cars-faridabad-11012465728/
2018 Tata Tiago,3.28 lakh,"EMI ₹5,790/m","12,862 km",Petrol,Manual,https://www.cars24.com/buy-used-tata-tiago-2018-cars-noida-10041360709/
2023 Hyundai GRAND I10 NIOS,4.15 lakh,"EMI ₹7,326/m","52,645 km",Petrol,Manual,https://www.cars24.com/buy-used-hyundai-grand-i10-nios-2023-cars-gurgaon-10165568722/
2022 Toyota Glanza,5.36 lakh,"EMI ₹9,462/m","68,253 km",Petrol,Manual,https://www.cars24.com/buy-used-toyota-glanza-2022-cars-gurgaon-29925069746/
2018 Maruti Swift,3.88 lakh,"EMI ₹6,849/m","48,784 km",Petrol,Manual,https://www.cars24.com/buy-used-maruti-swift-2018-cars-gurgaon-29677768788/
2014 Hyundai i20,1.92 lakh,"EMI ₹6,377/m","57,529 km",Petrol,Manual,https://www.cars24.com/buy-used-hyundai-i20-2014-cars-gurgaon-10107161729/
2021 Hyundai Tucson,11.62 lakh,"EMI ₹19,896/m","78,350 km",Petrol,Auto,https://www.cars24.com/buy-used-hyundai-tucson-2021-cars-gurgaon-10118362738/
2018 Toyota YARIS,3.76 lakh,"EMI ₹6,637/m","75,472 km",Petrol,Manual,https://www.cars24.com/buy-used-toyota-yaris-2018-cars-gurgaon-10156669745/
2020 Hyundai Creta,7.07 lakh,"EMI ₹18,618/m","60,624 km",Diesel,Manual,https://www.cars24.com/buy-used-hyundai-creta-2020-cars-faridabad-11584068750/
2015 Hyundai Eon,1.26 lakh,"EMI ₹3,318/m","55,997 km",Petrol,Manual,https://www.cars24.com/buy-used-hyundai-eon-2015-cars-new-delhi-10067262722/
2023 Hyundai VENUE,5.70 lakh,"EMI ₹10,062/m","16,161 km",Petrol,Manual,https://www.cars24.com/buy-used-hyundai-venue-2023-cars-noida-44578565768/
2022 Jeep Compass,14.36 lakh,"EMI ₹27,333/m","65,823 km",Diesel,Auto,https://www.cars24.com/buy-used-jeep-compass-2022-cars-noida-10564867752/
2017 BMW 3 Series,19.00 lakh,"EMI ₹167,925/m","29,226 km",Diesel,Auto,https://www.cars24.com/buy-used-bmw-3-series-2017-cars-new-delhi-10067368735/
2018 Maruti Ciaz,4.00 lakh,"EMI ₹7,061/m","72,881 km",Petrol,Auto,https://www.cars24.com/buy-used-maruti-ciaz-2018-cars-new-delhi-10092860754/
2021 Toyota Innova Crysta,18.50 lakh,"EMI ₹40,223/m","51,576 km",Diesel,Manual,https://www.cars24.com/buy-used-toyota-innova-crysta-2021-cars-new-delhi-10083062723/
2021 Tata PUNCH,3.91 lakh,"EMI ₹6,902/m","83,614 km",Petrol,Manual,https://www.cars24.com/buy-used-tata-punch-2021-cars-faridabad-10146462706/
2021 KIA SELTOS,8.32 lakh,"EMI ₹18,090/m","1,15,492 km",Diesel,Manual,https://www.cars24.com/buy-used-kia-seltos-2021-cars-new-delhi-10097861727/
2019 Hyundai Grand i10,3.04 lakh,"EMI ₹5,358/m","64,056 km",Petrol,Manual,https://www.cars24.com/buy-used-hyundai-grand-i10-2019-cars-new-delhi-10118305704/
2020 Toyota YARIS,5.29 lakh,"EMI ₹9,338/m","75,297 km",Petrol,Manual,https://www.cars24.com/buy-used-toyota-yaris-2020-cars-ghaziabad-11252064744/
2022 Volkswagen TAIGUN,6.60 lakh,"EMI ₹11,651/m","62,917 km",Petrol,Manual,https://www.cars24.com/buy-used-volkswagen-taigun-2022-cars-new-delhi-10039305798/
2019 Nissan Kicks,4.50 lakh,"EMI ₹7,944/m","48,187 km",Petrol,Manual,https://www.cars24.com/buy-used-nissan-kicks-2019-cars-new-delhi-10030167745/
2016 Hyundai Creta,4.40 lakh,"EMI ₹9,788/m","98,539 km",Petrol,Manual,https://www.cars24.com/buy-used-hyundai-creta-2016-cars-gurgaon-10160160726/
2016 Honda City,2.99 lakh,"EMI ₹6,651/m","70,341 km",Petrol,Manual,https://www.cars24.com/buy-used-honda-city-2016-cars-gurgaon-11002161718/
2019 KIA SELTOS,6.70 lakh,"EMI ₹11,827/m","67,251 km",Petrol,Manual,https://www.cars24.com/buy-used-kia-seltos-2019-cars-gurgaon-13873369706/
2024 Mahindra BOLERO NEO,7.60 lakh,"EMI ₹13,416/m","32,646 km",Diesel,Manual,https://www.cars24.com/buy-used-mahindra-bolero-neo-2024-cars-gurgaon-11014261740/
2023 KIA SONET,6.79 lakh,"EMI ₹11,986/m","32,948 km",Petrol,Manual,https://www.cars24.com/buy-used-kia-sonet-2023-cars-new-delhi-10040068730/
2021 Renault Duster,5.96 lakh,"EMI ₹10,521/m","47,632 km",Petrol,Auto,https://www.cars24.com/buy-used-renault-duster-2021-cars-noida-11209062736/
2022 Maruti S Cross,6.95 lakh,"EMI ₹12,269/m","42,792 km",Petrol,Auto,https://www.cars24.com/buy-used-maruti-s-cross-2022-cars-gurgaon-44587867706/
2025 Nissan MAGNITE,6.61 lakh,"EMI ₹11,668/m","9,435 km",Petrol,Auto,https://www.cars24.com/buy-used-nissan-magnite-2025-cars-new-delhi-10099562732/
2019 Hyundai Creta,7.66 lakh,"EMI ₹13,530/m","82,989 km",Petrol,Manual,https://www.cars24.com/buy-used-hyundai-creta-2019-cars-faridabad-10146061700/
2019 Honda City,4.85 lakh,"EMI ₹8,562/m","44,509 km",Petrol,Manual,https://www.cars24.com/buy-used-honda-city-2019-cars-new-delhi-10010568725/
2018 Audi A3,16.00 lakh,"EMI ₹27,396/m","24,077 km",Petrol,Auto,https://www.cars24.com/buy-used-audi-a3-2018-cars-new-delhi-10034662784/
2019 Honda City,5.75 lakh,"EMI ₹10,150/m","57,022 km",Petrol,Auto,https://www.cars24.com/buy-used-honda-city-2019-cars-new-delhi-10026566738/
2021 Tata ALTROZ,3.67 lakh,"EMI ₹6,479/m","90,269 km",Petrol,Manual,https://www.cars24.com/buy-used-tata-altroz-2021-cars-noida-10500162701/
2020 KIA SONET,5.29 lakh,"EMI ₹9,344/m","76,349 km",Petrol,Manual,https://www.cars24.com/buy-used-kia-sonet-2020-cars-new-delhi-10087565730/
2018 Maruti Ciaz,4.89 lakh,"EMI ₹8,632/m","60,542 km",Petrol,Auto,https://www.cars24.com/buy-used-maruti-ciaz-2018-cars-gurgaon-10157569786/
2018 Hyundai Elite i20,4.02 lakh,"EMI ₹8,942/m","82,162 km",CNG,Manual,https://www.cars24.com/buy-used-hyundai-elite-i20-2018-cars-new-delhi-15186669704/
2015 Volkswagen Polo,2.81 lakh,"EMI ₹7,400/m","16,215 km",Petrol,Manual,https://www.cars24.com/buy-used-volkswagen-polo-2015-cars-ghaziabad-10057064708/
2023 Maruti Baleno,6.45 lakh,"EMI ₹11,386/m","70,473 km",CNG,Manual,https://www.cars24.com/buy-used-maruti-baleno-2023-cars-gurgaon-13344665743/
2017 Maruti Baleno,3.39 lakh,"EMI ₹6,628/m","90,733 km",Petrol,Manual,https://www.cars24.com/buy-used-maruti-baleno-2017-cars-ghaziabad-11249268768/
2019 Honda Amaze,4.31 lakh,"EMI ₹14,315/m","91,811 km",Diesel,Manual,https://www.cars24.com/buy-used-honda-amaze-2019-cars-gurgaon-10084462739/
2018 Maruti Baleno,3.59 lakh,"EMI ₹7,978/m","98,195 km",CNG,Manual,https://www.cars24.com/buy-used-maruti-baleno-2018-cars-noida-10056268734/
2018 Renault Captur,3.94 lakh,"EMI ₹6,955/m","80,876 km",Petrol,Manual,https://www.cars24.com/buy-used-renault-captur-2018-cars-ghaziabad-10594760720/
2016 Renault Kwid,1.86 lakh,"EMI ₹4,141/m","58,566 km",Petrol,Manual,https://www.cars24.com/buy-used-renault-kwid-2016-cars-noida-11006962743/
2018 Maruti Swift,3.90 lakh,"EMI ₹6,885/m","29,469 km",Petrol,Manual,https://www.cars24.com/buy-used-maruti-swift-2018-cars-new-delhi-10082163741/
2022 Mahindra Thar,9.53 lakh,"EMI ₹16,318/m","27,661 km",Petrol,Manual,https://www.cars24.com/buy-used-mahindra-thar-2022-cars-noida-10150565754/
2014 Mercedes Benz S Class,27.50 lakh,N/A,"54,082 km",Diesel,Auto,https://www.cars24.com/buy-used-mercedes-benz-s-class-2014-cars-new-delhi-10097463735/
2022 Maruti BREZZA,7.00 lakh,"EMI ₹12,357/m","70,182 km",Petrol,Manual,https://www.cars24.com/buy-used-maruti-brezza-2022-cars-faridabad-11090668730/
2015 Audi A6,9.90 lakh,N/A,"68,924 km",Diesel,Auto,https://www.cars24.com/buy-used-audi-a6-2015-cars-new-delhi-10050065786/
2016 Renault Kwid,1.52 lakh,"EMI ₹3,381/m","39,807 km",Petrol,Manual,https://www.cars24.com/buy-used-renault-kwid-2016-cars-gurgaon-10059163755/
2018 Jeep Compass,7.03 lakh,"EMI ₹12,410/m","55,105 km",Petrol,Auto,https://www.cars24.com/buy-used-jeep-compass-2018-cars-ghaziabad-10555267789/
2017 Jeep Compass,6.12 lakh,"EMI ₹11,965/m","73,632 km",Petrol,Auto,https://www.cars24.com/buy-used-jeep-compass-2017-cars-noida-10555160729/
2021 Maruti S Cross,5.68 lakh,"EMI ₹10,027/m","41,904 km",Petrol,Manual,https://www.cars24.com/buy-used-maruti-s-cross-2021-cars-noida-10011864702/
2017 Skoda Octavia,6.36 lakh,"EMI ₹12,434/m","47,284 km",Petrol,Auto,https://www.cars24.com/buy-used-skoda-octavia-2017-cars-new-delhi-10160760731/
2022 Honda Amaze,5.76 lakh,"EMI ₹10,168/m","21,278 km",Petrol,Manual,https://www.cars24.com/buy-used-honda-amaze-2022-cars-new-delhi-10096262728/
2019 KIA SELTOS,7.60 lakh,"EMI ₹13,416/m","99,072 km",Petrol,Auto,https://www.cars24.com/buy-used-kia-seltos-2019-cars-gurgaon-29674260784/
2024 Tata Harrier,14.85 lakh,"EMI ₹25,427/m","24,189 km",Diesel,Auto,https://www.cars24.com/buy-used-tata-harrier-2024-cars-noida-10512367724/
2024 Toyota Camry,38.00 lakh,"EMI ₹65,065/m","5,399 km",Hybrid,Auto,https://www.cars24.com/buy-used-toyota-camry-2024-cars-new-delhi-10014561789/
2018 Toyota Innova Crysta,9.50 lakh,"EMI ₹16,266/m","86,642 km",Petrol,Auto,https://www.cars24.com/buy-used-toyota-innova-crysta-2018-cars-new-delhi-10156766740/
2014 Hyundai Grand i10,1.97 lakh,"EMI ₹17,503/m","72,710 km",CNG,Manual,https://www.cars24.com/buy-used-hyundai-grand-i10-2014-cars-ghaziabad-10579068781/
2017 Hyundai Grand i10,2.81 lakh,"EMI ₹5,495/m","32,374 km",Petrol,Manual,https://www.cars24.com/buy-used-hyundai-grand-i10-2017-cars-noida-10021562742/
2022 Tata Safari,13.78 lakh,"EMI ₹26,229/m","35,266 km",Diesel,Auto,https://www.cars24.com/buy-used-tata-safari-2022-cars-gurgaon-10197162700/
2014 Maruti Celerio,1.72 lakh,"EMI ₹5,713/m","56,001 km",Petrol,Manual,https://www.cars24.com/buy-used-maruti-celerio-2014-cars-gurgaon-10544365748/
2021 Tata ALTROZ,6.80 lakh,"EMI ₹15,122/m","73,822 km",Diesel,Manual,https://www.cars24.com/buy-used-tata-altroz-2021-cars-noida-11226240703/
2023 Tata NEXON,5.75 lakh,"EMI ₹10,150/m","57,802 km",Petrol,Manual,https://www.cars24.com/buy-used-tata-nexon-2023-cars-gurgaon-11083566704/
2024 MG ASTOR,7.56 lakh,"EMI ₹13,345/m","24,544 km",Petrol,Manual,https://www.cars24.com/buy-used-mg-astor-2024-cars-new-delhi-10095664722/
2014 Skoda Rapid,2.31 lakh,"EMI ₹7,673/m","85,441 km",Petrol,Manual,https://www.cars24.com/buy-used-skoda-rapid-2014-cars-noida-11684864731/
2016 Tata Tiago,2.03 lakh,N/A,"77,558 km",Diesel,Manual,https://www.cars24.com/buy-used-tata-tiago-2016-cars-gurgaon-13341269790/
2023 Toyota Camry,34.00 lakh,"EMI ₹58,216/m","15,756 km",Hybrid,Auto,https://www.cars24.com/buy-used-toyota-camry-2023-cars-new-delhi-10057469739/
2019 Hyundai Verna,5.12 lakh,"EMI ₹9,038/m","97,678 km",Petrol,Manual,https://www.cars24.com/buy-used-hyundai-verna-2019-cars-noida-10130863750/
2014 Maruti Swift Dzire,2.52 lakh,"EMI ₹8,370/m","55,101 km",Petrol,Manual,https://www.cars24.com/buy-used-maruti-swift-dzire-2014-cars-ghaziabad-10058062700/
2022 Volkswagen VIRTUS,10.74 lakh,"EMI ₹18,389/m","80,115 km",Petrol,Auto,https://www.cars24.com/buy-used-volkswagen-virtus-2022-cars-new-delhi-10004363727/
2021 Renault Kiger,4.55 lakh,"EMI ₹8,032/m","66,697 km",Petrol,Manual,https://www.cars24.com/buy-used-renault-kiger-2021-cars-noida-18252262721/
2013 Maruti Wagon R 1.0,1.25 lakh,"EMI ₹5,884/m","98,548 km",Petrol,Manual,https://www.cars24.com/buy-used-maruti-wagon-r-1.0-2013-cars-gurgaon-10022003700/
2017 Ford Ecosport,3.08 lakh,"EMI ₹6,021/m","92,029 km",Petrol,Manual,https://www.cars24.com/buy-used-ford-ecosport-2017-cars-new-delhi-10574164730/
2022 Nissan MAGNITE,3.89 lakh,"EMI ₹6,871/m","60,480 km",Petrol,Manual,https://www.cars24.com/buy-used-nissan-magnite-2022-cars-gurgaon-10153762743/
2022 Tata PUNCH,4.42 lakh,"EMI ₹7,802/m","99,571 km",Petrol,Manual,https://www.cars24.com/buy-used-tata-punch-2022-cars-faridabad-13398266704/
2014 Volkswagen Polo,2.15 lakh,"EMI ₹7,141/m","29,366 km",Petrol,Manual,https://www.cars24.com/buy-used-volkswagen-polo-2014-cars-faridabad-13357964775/
2018 Maruti IGNIS,2.84 lakh,"EMI ₹5,013/m","37,444 km",Petrol,Manual,https://www.cars24.com/buy-used-maruti-ignis-2018-cars-new-delhi-10043664740/
2016 Hyundai Creta,4.53 lakh,"EMI ₹15,046/m","93,895 km",CNG,Manual,https://www.cars24.com/buy-used-hyundai-creta-2016-cars-ghaziabad-11235666731/
2017 Hyundai Creta,5.29 lakh,"EMI ₹10,342/m","70,973 km",Petrol,Auto,https://www.cars24.com/buy-used-hyundai-creta-2017-cars-new-delhi-10017569720/
2019 Hyundai Creta,6.51 lakh,"EMI ₹11,492/m","26,385 km",Petrol,Manual,https://www.cars24.com/buy-used-hyundai-creta-2019-cars-new-delhi-10049764746/
2019 Tata Tiago,2.43 lakh,"EMI ₹4,290/m","95,568 km",Petrol,Manual,https://www.cars24.com/buy-used-tata-tiago-2019-cars-new-delhi-10068760746/
2020 Maruti Vitara Brezza,5.30 lakh,"EMI ₹9,356/m","41,402 km",Petrol,Manual,https://www.cars24.com/buy-used-maruti-vitara-brezza-2020-cars-new-delhi-10066668757/
2017 Hyundai Elite i20,3.21 lakh,"EMI ₹6,276/m","86,854 km",Petrol,Manual,https://www.cars24.com/buy-used-hyundai-elite-i20-2017-cars-new-delhi-10075768703/
2020 Maruti New Wagon-R,3.35 lakh,"EMI ₹7,452/m","1,15,676 km",CNG,Manual,https://www.cars24.com/buy-used-maruti-new-wagon-r-2020-cars-gurgaon-10043163700/
2022 Honda Amaze,4.42 lakh,"EMI ₹7,811/m","44,884 km",Petrol,Manual,https://www.cars24.com/buy-used-honda-amaze-2022-cars-gurgaon-14777768719/
2016 Maruti Baleno,2.88 lakh,"EMI ₹6,406/m","94,604 km",Petrol,Manual,https://www.cars24.com/buy-used-maruti-baleno-2016-cars-gurgaon-10121664783/
2022 Maruti IGNIS,4.62 lakh,"EMI ₹8,156/m","21,867 km",Petrol,Auto,https://www.cars24.com/buy-used-maruti-ignis-2022-cars-faridabad-10159766760/
2018 Honda City,4.69 lakh,"EMI ₹8,279/m","74,240 km",Petrol,Manual,https://www.cars24.com/buy-used-honda-city-2018-cars-new-delhi-10064204748/
2017 Jeep Compass,5.84 lakh,"EMI ₹11,417/m","79,149 km",Petrol,Auto,https://www.cars24.com/buy-used-jeep-compass-2017-cars-gurgaon-10180063725/
2018 Jeep Compass,7.72 lakh,"EMI ₹13,628/m","61,847 km",Petrol,Auto,https://www.cars24.com/buy-used-jeep-compass-2018-cars-new-delhi-10020469732/
2019 Hyundai VENUE,6.40 lakh,"EMI ₹11,298/m","14,948 km",Petrol,Auto,https://www.cars24.com/buy-used-hyundai-venue-2019-cars-new-delhi-10061967742/
2020 Tata ALTROZ,3.70 lakh,"EMI ₹6,532/m","76,496 km",Petrol,Manual,https://www.cars24.com/buy-used-tata-altroz-2020-cars-new-delhi-10114361789/
2018 Maruti Baleno,3.41 lakh,"EMI ₹6,020/m","34,120 km",Petrol,Manual,https://www.cars24.com/buy-used-maruti-baleno-2018-cars-new-delhi-10137663709/
2021 Nissan Kicks,5.93 lakh,"EMI ₹10,473/m","57,436 km",Petrol,Manual,https://www.cars24.com/buy-used-nissan-kicks-2021-cars-faridabad-10502560701/
2017 Hyundai Grand i10,2.65 lakh,"EMI ₹5,181/m","58,794 km",Petrol,Manual,https://www.cars24.com/buy-used-hyundai-grand-i10-2017-cars-ghaziabad-11261962729/
2019 Toyota Etios Liva,3.25 lakh,"EMI ₹5,737/m","84,883 km",Petrol,Manual,https://www.cars24.com/buy-used-toyota-etios-liva-2019-cars-gurgaon-10148661733/
2022 Tata NEXON,4.29 lakh,"EMI ₹7,573/m","59,541 km",Petrol,Manual,https://www.cars24.com/buy-used-tata-nexon-2022-cars-faridabad-10014209715/
2018 Tata Tiago,2.80 lakh,"EMI ₹4,943/m","58,865 km",Petrol,Manual,https://www.cars24.com/buy-used-tata-tiago-2018-cars-new-delhi-10508864724/
2017 Renault Kwid,1.68 lakh,"EMI ₹3,275/m","75,770 km",Petrol,Manual,https://www.cars24.com/buy-used-renault-kwid-2017-cars-gurgaon-10006903742/
2016 Tata Tiago,2.12 lakh,"EMI ₹4,716/m","35,773 km",Petrol,Manual,https://www.cars24.com/buy-used-tata-tiago-2016-cars-faridabad-34942209769/
2018 Volkswagen Ameo,3.23 lakh,"EMI ₹5,702/m","50,953 km",Petrol,Manual,https://www.cars24.com/buy-used-volkswagen-ameo-2018-cars-noida-11286462724/
2017 Hyundai Creta,4.93 lakh,"EMI ₹10,967/m","1,15,075 km",Petrol,Manual,https://www.cars24.com/buy-used-hyundai-creta-2017-cars-faridabad-11089768749/
2019 Honda Amaze,3.98 lakh,"EMI ₹7,026/m","87,979 km",Petrol,Manual,https://www.cars24.com/buy-used-honda-amaze-2019-cars-noida-10083861786/
2023 Maruti Swift,5.39 lakh,"EMI ₹9,510/m","12,200 km",Petrol,Manual,https://www.cars24.com/buy-used-maruti-swift-2023-cars-new-delhi-10076666704/
2022 Tata PUNCH,5.71 lakh,"EMI ₹10,080/m","34,139 km",Petrol,Auto,https://www.cars24.com/buy-used-tata-punch-2022-cars-new-delhi-10094266704/
2020 Renault TRIBER,3.79 lakh,"EMI ₹6,690/m","63,898 km",Petrol,Manual,https://www.cars24.com/buy-used-renault-triber-2020-cars-gurgaon-13397266788/
2021 MG HECTOR PLUS,9.07 lakh,"EMI ₹19,720/m","87,126 km",Diesel,Manual,https://www.cars24.com/buy-used-mg-hector-plus-2021-cars-new-delhi-11216862732/
2016 Maruti Ertiga,4.34 lakh,"EMI ₹9,654/m","96,696 km",Petrol,Manual,https://www.cars24.com/buy-used-maruti-ertiga-2016-cars-gurgaon-10140661788/
2023 Mahindra BOLERO NEO,8.32 lakh,"EMI ₹14,253/m","98,063 km",Diesel,Manual,https://www.cars24.com/buy-used-mahindra-bolero-neo-2023-cars-faridabad-44510466701/
2020 Honda City,8.71 lakh,"EMI ₹14,914/m","24,445 km",Petrol,Auto,https://www.cars24.com/buy-used-honda-city-2020-cars-gurgaon-10193063781/
2020 KIA SELTOS,7.79 lakh,"EMI ₹13,751/m","79,439 km",Petrol,Auto,https://www.cars24.com/buy-used-kia-seltos-2020-cars-new-delhi-10090941763/
2024 Mahindra XUV700,18.25 lakh,"EMI ₹31,248/m","12,231 km",Petrol,Auto,https://www.cars24.com/buy-used-mahindra-xuv700-2024-cars-new-delhi-10056167785/
2023 KIA SELTOS,12.00 lakh,"EMI ₹20,547/m","19,901 km",Petrol,Auto,https://www.cars24.com/buy-used-kia-seltos-2023-cars-new-delhi-10589660726/
2017 Honda City,4.03 lakh,"EMI ₹7,879/m","88,941 km",Petrol,Manual,https://www.cars24.com/buy-used-honda-city-2017-cars-gurgaon-11042268759/
2022 Jeep MERIDIAN,21.46 lakh,"EMI ₹40,847/m","36,602 km",Diesel,Auto,https://www.cars24.com/buy-used-jeep-meridian-2022-cars-gurgaon-10161262721/
2019 Maruti Celerio,3.18 lakh,"EMI ₹5,614/m","50,192 km",Petrol,Auto,https://www.cars24.com/buy-used-maruti-celerio-2019-cars-new-delhi-10080867703/
2018 Toyota YARIS,5.27 lakh,"EMI ₹9,303/m","46,840 km",Petrol,Auto,https://www.cars24.com/buy-used-toyota-yaris-2018-cars-noida-10067966701/
2014 Ford Ecosport,3.19 lakh,"EMI ₹10,595/m","62,861 km",Petrol,Manual,https://www.cars24.com/buy-used-ford-ecosport-2014-cars-gurgaon-10104264733/
2018 Toyota Innova Crysta,7.99 lakh,"EMI ₹14,105/m","92,199 km",Petrol,Manual,https://www.cars24.com/buy-used-toyota-innova-crysta-2018-cars-gurgaon-10165769719/
2015 Maruti Wagon R 1.0,1.91 lakh,"EMI ₹8,996/m","81,909 km",CNG,Manual,https://www.cars24.com/buy-used-maruti-wagon-r-1.0-2015-cars-gurgaon-10086864780/
2023 Mahindra SCORPIO CLASSIC,13.50 lakh,"EMI ₹23,115/m","69,129 km",Diesel,Manual,https://www.cars24.com/buy-used-mahindra-scorpio-classic-2023-cars-new-delhi-44501867728/
2018 Hyundai Elite i20,3.28 lakh,"EMI ₹5,790/m","72,862 km",Petrol,Manual,https://www.cars24.com/buy-used-hyundai-elite-i20-2018-cars-gurgaon-11058462741/
2021 Hyundai Creta,7.91 lakh,"EMI ₹17,595/m","50,208 km",Diesel,Manual,https://www.cars24.com/buy-used-hyundai-creta-2021-cars-new-delhi-10076268734/
2020 Honda Amaze,4.47 lakh,"EMI ₹7,891/m","46,172 km",Petrol,Manual,https://www.cars24.com/buy-used-honda-amaze-2020-cars-new-delhi-10013264745/
2023 Tata ALTROZ,5.91 lakh,"EMI ₹10,433/m","33,580 km",CNG,Manual,https://www.cars24.com/buy-used-tata-altroz-2023-cars-ghaziabad-41137303746/
2016 Hyundai Creta,4.70 lakh,"EMI ₹10,455/m","59,448 km",Petrol,Manual,https://www.cars24.com/buy-used-hyundai-creta-2016-cars-ghaziabad-11261164720/
2022 Maruti New Wagon-R,3.89 lakh,"EMI ₹6,867/m","39,393 km",Petrol,Manual,https://www.cars24.com/buy-used-maruti-new-wagon-r-2022-cars-gurgaon-10124461730/
2016 Maruti Baleno,2.72 lakh,"EMI ₹6,050/m","1,03,055 km",Petrol,Manual,https://www.cars24.com/buy-used-maruti-baleno-2016-cars-noida-11239368704/
2018 Hyundai Grand i10,3.48 lakh,"EMI ₹7,741/m","67,360 km",CNG,Manual,https://www.cars24.com/buy-used-hyundai-grand-i10-2018-cars-faridabad-10131365748/
2023 Mahindra XUV700,13.12 lakh,"EMI ₹22,465/m","52,319 km",Diesel,Manual,https://www.cars24.com/buy-used-mahindra-xuv700-2023-cars-gurgaon-10125701765/
2021 Tata ALTROZ,3.90 lakh,"EMI ₹6,885/m","61,945 km",Petrol,Manual,https://www.cars24.com/buy-used-tata-altroz-2021-cars-gurgaon-11067964720/
2015 Maruti Swift,2.49 lakh,"EMI ₹6,557/m","35,040 km",Petrol,Manual,https://www.cars24.com/buy-used-maruti-swift-2015-cars-new-delhi-10084562734/
2016 Honda City,3.21 lakh,"EMI ₹7,140/m","37,319 km",Petrol,Manual,https://www.cars24.com/buy-used-honda-city-2016-cars-new-delhi-10130067729/
2021 KIA SELTOS,8.59 lakh,"EMI ₹14,708/m","60,263 km",Petrol,Auto,https://www.cars24.com/buy-used-kia-seltos-2021-cars-new-delhi-10039760742/
2018 Honda Amaze,3.06 lakh,"EMI ₹5,402/m","67,669 km",Petrol,Manual,https://www.cars24.com/buy-used-honda-amaze-2018-cars-new-delhi-10023365724/
2022 Toyota Glanza,5.41 lakh,"EMI ₹9,550/m","38,407 km",Petrol,Manual,https://www.cars24.com/buy-used-toyota-glanza-2022-cars-new-delhi-10001562741/
2017 Tata TIGOR,2.94 lakh,"EMI ₹5,748/m","54,681 km",Petrol,Manual,https://www.cars24.com/buy-used-tata-tigor-2017-cars-noida-13891305761/
2020 Maruti Ciaz,4.99 lakh,"EMI ₹8,809/m","58,644 km",Petrol,Manual,https://www.cars24.com/buy-used-maruti-ciaz-2020-cars-gurgaon-10025668722/
2017 Hyundai Grand i10,2.52 lakh,"EMI ₹4,927/m","48,752 km",Petrol,Manual,https://www.cars24.com/buy-used-hyundai-grand-i10-2017-cars-faridabad-10050303770/
2023 Tata ALTROZ,5.80 lakh,"EMI ₹10,239/m","32,303 km",Petrol,Auto,https://www.cars24.com/buy-used-tata-altroz-2023-cars-gurgaon-13301566742/
2019 Honda City,5.85 lakh,"EMI ₹10,329/m","55,615 km",Petrol,Auto,https://www.cars24.com/buy-used-honda-city-2019-cars-noida-10563669747/
2017 Renault Kwid,1.62 lakh,"EMI ₹3,167/m","41,654 km",Petrol,Manual,https://www.cars24.com/buy-used-renault-kwid-2017-cars-gurgaon-13361806742/
2023 Honda ELEVATE,9.65 lakh,"EMI ₹16,523/m","52,077 km",Petrol,Manual,https://www.cars24.com/buy-used-honda-elevate-2023-cars-ghaziabad-11091165705/
2021 Maruti Baleno,5.12 lakh,"EMI ₹9,038/m","13,090 km",Petrol,Auto,https://www.cars24.com/buy-used-maruti-baleno-2021-cars-noida-10258560748/
2015 Hyundai Xcent,2.15 lakh,"EMI ₹5,674/m","1,00,412 km",Petrol,Manual,https://www.cars24.com/buy-used-hyundai-xcent-2015-cars-new-delhi-11553362764/
2019 Maruti Dzire,3.93 lakh,"EMI ₹6,938/m","48,558 km",Petrol,Auto,https://www.cars24.com/buy-used-maruti-dzire-2019-cars-ghaziabad-11245666735/
2022 Maruti Ertiga,8.20 lakh,"EMI ₹14,034/m","33,086 km",Petrol,Auto,https://www.cars24.com/buy-used-maruti-ertiga-2022-cars-noida-11008961780/
2020 KIA SONET,6.10 lakh,"EMI ₹16,064/m","65,301 km",Diesel,Auto,https://www.cars24.com/buy-used-kia-sonet-2020-cars-ghaziabad-41131862783/
2021 Skoda KUSHAQ,7.90 lakh,"EMI ₹17,573/m","1,06,096 km",Petrol,Manual,https://www.cars24.com/buy-used-skoda-kushaq-2021-cars-gurgaon-10193066740/
2017 Volkswagen Ameo,3.11 lakh,"EMI ₹6,080/m","67,306 km",Petrol,Manual,https://www.cars24.com/buy-used-volkswagen-ameo-2017-cars-noida-11288462757/
2015 Toyota Corolla Altis,4.14 lakh,"EMI ₹10,902/m","58,981 km",Petrol,Manual,https://www.cars24.com/buy-used-toyota-corolla-altis-2015-cars-ghaziabad-10014168743/
2024 Maruti Dzire,5.40 lakh,"EMI ₹9,532/m","22,503 km",Petrol,Manual,https://www.cars24.com/buy-used-maruti-dzire-2024-cars-gurgaon-16399161781/
2021 Hyundai AURA,4.70 lakh,"EMI ₹8,297/m","21,860 km",Petrol,Manual,https://www.cars24.com/buy-used-hyundai-aura-2021-cars-noida-10544466707/
2016 Hyundai Creta,4.85 lakh,"EMI ₹10,789/m","74,097 km",Petrol,Auto,https://www.cars24.com/buy-used-hyundai-creta-2016-cars-gurgaon-11044862737/
2019 Honda WR-V,4.39 lakh,"EMI ₹7,750/m","51,998 km",Petrol,Manual,https://www.cars24.com/buy-used-honda-wr-v-2019-cars-gurgaon-10165468705/
2021 Hyundai Creta,8.64 lakh,"EMI ₹14,794/m","74,980 km",Petrol,Manual,https://www.cars24.com/buy-used-hyundai-creta-2021-cars-gurgaon-14742862788/
2020 KIA SONET,7.55 lakh,"EMI ₹19,882/m","48,478 km",Diesel,Manual,https://www.cars24.com/buy-used-kia-sonet-2020-cars-new-delhi-10020544787/
2020 MG HECTOR PLUS,9.75 lakh,"EMI ₹16,694/m","65,948 km",Petrol,Auto,https://www.cars24.com/buy-used-mg-hector-plus-2020-cars-gurgaon-11014567729/
2019 Maruti Baleno,4.26 lakh,"EMI ₹7,520/m","66,550 km",Petrol,Manual,https://www.cars24.com/buy-used-maruti-baleno-2019-cars-noida-10089768745/
2019 Maruti New Wagon-R,3.30 lakh,"EMI ₹6,452/m","85,743 km",CNG,Manual,https://www.cars24.com/buy-used-maruti-new-wagon-r-2019-cars-new-delhi-10016360731/
2021 Honda WR-V,5.16 lakh,"EMI ₹9,109/m","79,863 km",Petrol,Manual,https://www.cars24.com/buy-used-honda-wr-v-2021-cars-noida-11232063754/
2022 Honda Amaze,6.17 lakh,"EMI ₹10,892/m","24,709 km",Petrol,Auto,https://www.cars24.com/buy-used-honda-amaze-2022-cars-gurgaon-11045862746/
2023 Maruti Alto,3.13 lakh,"EMI ₹5,522/m","12,896 km",Petrol,Manual,https://www.cars24.com/buy-used-maruti-alto-2023-cars-gurgaon-11613566706/
2018 Hyundai Elite i20,4.02 lakh,"EMI ₹7,096/m","79,446 km",Petrol,Auto,https://www.cars24.com/buy-used-hyundai-elite-i20-2018-cars-new-delhi-10173262732/
2019 Hyundai Creta,6.14 lakh,"EMI ₹10,839/m","49,010 km",Petrol,Manual,https://www.cars24.com/buy-used-hyundai-creta-2019-cars-ghaziabad-10102660735/
2023 Hyundai Verna,9.03 lakh,"EMI ₹15,462/m","55,906 km",Petrol,Manual,https://www.cars24.com/buy-used-hyundai-verna-2023-cars-faridabad-13339266705/
2019 Hyundai GRAND I10 NIOS,4.21 lakh,"EMI ₹7,434/m","47,405 km",Petrol,Auto,https://www.cars24.com/buy-used-hyundai-grand-i10-nios-2019-cars-faridabad-10169767764/
2019 Honda Jazz,4.21 lakh,"EMI ₹7,432/m","51,094 km",Petrol,Auto,https://www.cars24.com/buy-used-honda-jazz-2019-cars-noida-10154460726/
2022 Skoda SLAVIA,8.32 lakh,"EMI ₹14,246/m","75,557 km",Petrol,Manual,https://www.cars24.com/buy-used-skoda-slavia-2022-cars-new-delhi-10002064744/
2017 Honda Brio,2.49 lakh,"EMI ₹4,868/m","57,548 km",Petrol,Manual,https://www.cars24.com/buy-used-honda-brio-2017-cars-new-delhi-10075163780/
2021 Maruti Baleno,3.85 lakh,"EMI ₹6,796/m","66,324 km",Petrol,Manual,https://www.cars24.com/buy-used-maruti-baleno-2021-cars-gurgaon-11045264708/
2020 MG HECTOR,7.62 lakh,"EMI ₹20,066/m","72,238 km",Diesel,Manual,https://www.cars24.com/buy-used-mg-hector-2020-cars-noida-13478966796/
2021 KIA SELTOS,7.21 lakh,"EMI ₹12,728/m","87,101 km",Petrol,Manual,https://www.cars24.com/buy-used-kia-seltos-2021-cars-ghaziabad-10018469723/
2019 Hyundai Creta,5.88 lakh,"EMI ₹13,080/m","1,01,755 km",Petrol,Manual,https://www.cars24.com/buy-used-hyundai-creta-2019-cars-noida-10540468737/
2021 Ford Ecosport,5.29 lakh,"EMI ₹11,767/m","59,336 km",Diesel,Manual,https://www.cars24.com/buy-used-ford-ecosport-2021-cars-gurgaon-11090762790/
2021 Maruti New Wagon-R,3.15 lakh,"EMI ₹5,561/m","81,625 km",Petrol,Manual,https://www.cars24.com/buy-used-maruti-new-wagon-r-2021-cars-gurgaon-10003262731/
2020 Renault Kwid,2.49 lakh,"EMI ₹4,396/m","60,102 km",CNG,Manual,https://www.cars24.com/buy-used-renault-kwid-2020-cars-new-delhi-10072461736/
2021 Nissan MAGNITE,3.99 lakh,"EMI ₹7,043/m","20,885 km",Petrol,Manual,https://www.cars24.com/buy-used-nissan-magnite-2021-cars-new-delhi-10068568704/
2018 Maruti Vitara Brezza,4.97 lakh,"EMI ₹23,396/m","75,896 km",Diesel,Manual,https://www.cars24.com/buy-used-maruti-vitara-brezza-2018-cars-noida-10567764724/
2022 Maruti Baleno,5.55 lakh,"EMI ₹9,797/m","42,370 km",CNG,Manual,https://www.cars24.com/buy-used-maruti-baleno-2022-cars-new-delhi-10047662783/
2020 Maruti Baleno,4.41 lakh,"EMI ₹7,785/m","48,411 km",Petrol,Manual,https://www.cars24.com/buy-used-maruti-baleno-2020-cars-new-delhi-10019969741/
2019 Honda Amaze,4.85 lakh,"EMI ₹8,562/m","55,459 km",Petrol,Auto,https://www.cars24.com/buy-used-honda-amaze-2019-cars-noida-10556269743/
2019 Tata Tiago,2.85 lakh,"EMI ₹5,031/m","82,748 km",Petrol,Manual,https://www.cars24.com/buy-used-tata-tiago-2019-cars-new-delhi-41146264727/
2022 Honda City,14.00 lakh,"EMI ₹23,971/m","66,943 km",Hybrid,Auto,https://www.cars24.com/buy-used-honda-city-2022-cars-ghaziabad-15178566725/
2018 Maruti Swift,3.62 lakh,"EMI ₹6,390/m","91,957 km",Petrol,Manual,https://www.cars24.com/buy-used-maruti-swift-2018-cars-gurgaon-10151868733/
2019 KIA SELTOS,8.82 lakh,"EMI ₹28,876/m","60,975 km",Diesel,Auto,https://www.cars24.com/buy-used-kia-seltos-2019-cars-gurgaon-10002004746/
2015 Ford Ecosport,3.52 lakh,"EMI ₹9,270/m","78,043 km",Petrol,Auto,https://www.cars24.com/buy-used-ford-ecosport-2015-cars-gurgaon-10056564700/
2020 Tata ALTROZ,3.64 lakh,"EMI ₹8,097/m","1,05,059 km",Petrol,Manual,https://www.cars24.com/buy-used-tata-altroz-2020-cars-gurgaon-11019007710/
2018 Honda City,6.40 lakh,"EMI ₹11,298/m","32,094 km",Petrol,Auto,https://www.cars24.com/buy-used-honda-city-2018-cars-gurgaon-10192665735/
2023 Volkswagen VIRTUS,11.03 lakh,"EMI ₹18,886/m","45,563 km",Petrol,Auto,https://www.cars24.com/buy-used-volkswagen-virtus-2023-cars-ghaziabad-11270663731/
2015 Honda Jazz,1.94 lakh,"EMI ₹5,109/m","74,893 km",Petrol,Manual,https://www.cars24.com/buy-used-honda-jazz-2015-cars-new-delhi-10093003761/
2018 Maruti Dzire,3.35 lakh,"EMI ₹5,914/m","91,119 km",Petrol,Manual,https://www.cars24.com/buy-used-maruti-dzire-2018-cars-noida-10504361732/
2019 Tata NEXON,4.71 lakh,"EMI ₹8,314/m","22,002 km",Petrol,Manual,https://www.cars24.com/buy-used-tata-nexon-2019-cars-noida-10030563734/
2020 Renault TRIBER,4.32 lakh,"EMI ₹7,624/m","15,403 km",Petrol,Manual,https://www.cars24.com/buy-used-renault-triber-2020-cars-new-delhi-10075664708/
2016 Hyundai Elite i20,3.56 lakh,"EMI ₹7,919/m","60,081 km",Petrol,Manual,https://www.cars24.com/buy-used-hyundai-elite-i20-2016-cars-new-delhi-10068465703/
2024 KIA SELTOS,14.27 lakh,"EMI ₹24,434/m","27,894 km",Diesel,Auto,https://www.cars24.com/buy-used-kia-seltos-2024-cars-gurgaon-11589361740/
2022 Hyundai NEW I20,5.00 lakh,"EMI ₹8,826/m","96,421 km",Petrol,Manual,https://www.cars24.com/buy-used-hyundai-new-i20-2022-cars-new-delhi-10043062700/
2018 Toyota YARIS,4.65 lakh,"EMI ₹8,209/m","75,891 km",Petrol,Auto,https://www.cars24.com/buy-used-toyota-yaris-2018-cars-noida-10186864748/
2022 Jeep Compass,12.95 lakh,"EMI ₹22,174/m","47,325 km",Petrol,Auto,https://www.cars24.com/buy-used-jeep-compass-2022-cars-gurgaon-10146061780/
2014 Toyota Etios,1.81 lakh,"EMI ₹6,012/m","1,14,143 km",Petrol,Manual,https://www.cars24.com/buy-used-toyota-etios-2014-cars-faridabad-10171164740/
2021 Maruti New Wagon-R,4.20 lakh,"EMI ₹7,414/m","33,265 km",CNG,Manual,https://www.cars24.com/buy-used-maruti-new-wagon-r-2021-cars-ghaziabad-10090666727/
2019 KIA SELTOS,7.63 lakh,"EMI ₹13,469/m","47,775 km",Petrol,Manual,https://www.cars24.com/buy-used-kia-seltos-2019-cars-new-delhi-10151261780/
2020 Toyota Glanza,5.69 lakh,"EMI ₹10,044/m","31,716 km",Petrol,Auto,https://www.cars24.com/buy-used-toyota-glanza-2020-cars-noida-10003763707/
2023 Nissan MAGNITE,4.59 lakh,"EMI ₹8,103/m","46,586 km",Petrol,Manual,https://www.cars24.com/buy-used-nissan-magnite-2023-cars-gurgaon-10166160742/
2016 Maruti Baleno,2.81 lakh,"EMI ₹6,251/m","72,828 km",Petrol,Manual,https://www.cars24.com/buy-used-maruti-baleno-2016-cars-new-delhi-10571560703/
2015 Honda City,3.49 lakh,"EMI ₹9,191/m","60,833 km",Petrol,Manual,https://www.cars24.com/buy-used-honda-city-2015-cars-noida-10066069707/
2022 Mahindra SCORPIO-N,15.85 lakh,"EMI ₹27,139/m","25,934 km",Petrol,Auto,https://www.cars24.com/buy-used-mahindra-scorpio-n-2022-cars-gurgaon-10176860747/
2021 Tata NEXON,5.48 lakh,"EMI ₹9,674/m","69,728 km",Petrol,Manual,https://www.cars24.com/buy-used-tata-nexon-2021-cars-new-delhi-10136566733/
2018 Toyota YARIS,4.42 lakh,"EMI ₹7,803/m","97,410 km",Petrol,Manual,https://www.cars24.com/buy-used-toyota-yaris-2018-cars-new-delhi-10113062722/
2019 Ford Figo Aspire,3.23 lakh,"EMI ₹7,185/m","1,17,499 km",Petrol,Manual,https://www.cars24.com/buy-used-ford-figo-aspire-2019-cars-new-delhi-10007763704/
2023 Nissan MAGNITE,5.01 lakh,"EMI ₹8,849/m","38,166 km",Petrol,Manual,https://www.cars24.com/buy-used-nissan-magnite-2023-cars-faridabad-10198765782/
2021 Tata Harrier,9.78 lakh,"EMI ₹21,264/m","98,036 km",Diesel,Auto,https://www.cars24.com/buy-used-tata-harrier-2021-cars-faridabad-10043263734/
2021 Honda Amaze,5.41 lakh,"EMI ₹9,550/m","50,499 km",Petrol,Manual,https://www.cars24.com/buy-used-honda-amaze-2021-cars-ghaziabad-11293967746/
2022 Maruti S Cross,5.91 lakh,"EMI ₹10,433/m","47,946 km",Petrol,Manual,https://www.cars24.com/buy-used-maruti-s-cross-2022-cars-faridabad-10160666720/
2015 Maruti Celerio,2.12 lakh,"EMI ₹9,980/m","66,066 km",CNG,Manual,https://www.cars24.com/buy-used-maruti-celerio-2015-cars-gurgaon-10013568722/
2020 Hyundai NEW SANTRO,2.90 lakh,"EMI ₹5,119/m","83,781 km",Petrol,Manual,https://www.cars24.com/buy-used-hyundai-new-santro-2020-cars-gurgaon-10198569741/
2023 Tata NEXON,7.30 lakh,"EMI ₹12,886/m","17,977 km",Petrol,Manual,https://www.cars24.com/buy-used-tata-nexon-2023-cars-gurgaon-13342869714/
2019 Tata Tiago,2.83 lakh,"EMI ₹5,000/m","54,048 km",Petrol,Manual,https://www.cars24.com/buy-used-tata-tiago-2019-cars-new-delhi-10554869783/
2024 Hyundai Creta N Line,16.98 lakh,"EMI ₹29,074/m","17,791 km",Petrol,Auto,https://www.cars24.com/buy-used-hyundai-creta-n-line-2024-cars-new-delhi-10046461742/
2018 Hyundai Grand i10,3.01 lakh,"EMI ₹5,313/m","44,136 km",Petrol,Manual,https://www.cars24.com/buy-used-hyundai-grand-i10-2018-cars-ghaziabad-11221765708/
2023 Mahindra Thar,10.17 lakh,"EMI ₹17,414/m","60,198 km",Petrol,Manual,https://www.cars24.com/buy-used-mahindra-thar-2023-cars-new-delhi-10053065732/
2019 KIA SELTOS,7.28 lakh,"EMI ₹24,180/m","76,981 km",Diesel,Auto,https://www.cars24.com/buy-used-kia-seltos-2019-cars-noida-11201262742/
2021 Tata NEXON,6.50 lakh,"EMI ₹14,459/m","46,717 km",Diesel,Manual,https://www.cars24.com/buy-used-tata-nexon-2021-cars-ghaziabad-11245567749/
2016 Maruti Alto K10,2.06 lakh,"EMI ₹4,582/m","32,254 km",Petrol,Manual,https://www.cars24.com/buy-used-maruti-alto-k10-2016-cars-new-delhi-10087363710/
2025 Tata NEXON,11.99 lakh,"EMI ₹20,530/m","9,111 km",CNG,Auto,https://www.cars24.com/buy-used-tata-nexon-2025-cars-new-delhi-10541261722/
2014 Toyota Corolla Altis,4.11 lakh,"EMI ₹13,651/m","47,774 km",Petrol,Auto,https://www.cars24.com/buy-used-toyota-corolla-altis-2014-cars-noida-10095461727/
2015 Toyota Etios,2.42 lakh,"EMI ₹6,373/m","70,549 km",Petrol,Manual,https://www.cars24.com/buy-used-toyota-etios-2015-cars-new-delhi-10055661734/
2022 Maruti Ciaz,5.88 lakh,"EMI ₹10,380/m","86,158 km",Petrol,Manual,https://www.cars24.com/buy-used-maruti-ciaz-2022-cars-new-delhi-10014860728/
2016 Honda City,4.17 lakh,"EMI ₹9,276/m","54,713 km",Petrol,Auto,https://www.cars24.com/buy-used-honda-city-2016-cars-new-delhi-10061263735/
2022 KIA CARENS,9.07 lakh,"EMI ₹15,530/m","30,835 km",Petrol,Manual,https://www.cars24.com/buy-used-kia-carens-2022-cars-new-delhi-10020861703/
2021 Honda City,6.60 lakh,"EMI ₹11,651/m","58,520 km",Petrol,Manual,https://www.cars24.com/buy-used-honda-city-2021-cars-new-delhi-10070563722/
2020 Mahindra XUV300,4.05 lakh,"EMI ₹9,009/m","1,16,899 km",Petrol,Manual,https://www.cars24.com/buy-used-mahindra-xuv300-2020-cars-gurgaon-11017863722/
2017 Honda Jazz,3.87 lakh,"EMI ₹7,566/m","82,232 km",Petrol,Auto,https://www.cars24.com/buy-used-honda-jazz-2017-cars-gurgaon-10166069703/
2017 Hyundai Elite i20,3.67 lakh,"EMI ₹7,175/m","64,512 km",Petrol,Manual,https://www.cars24.com/buy-used-hyundai-elite-i20-2017-cars-new-delhi-10155860727/
2022 Tata Harrier,11.56 lakh,"EMI ₹25,134/m","1,14,866 km",Diesel,Auto,https://www.cars24.com/buy-used-tata-harrier-2022-cars-gurgaon-10107862728/
2016 Maruti Wagon R Stingray,1.94 lakh,"EMI ₹4,315/m","93,873 km",Petrol,Manual,https://www.cars24.com/buy-used-maruti-wagon-r-stingray-2016-cars-new-delhi-10046063735/
2017 Hyundai Creta,4.60 lakh,"EMI ₹8,993/m","56,224 km",Petrol,Manual,https://www.cars24.com/buy-used-hyundai-creta-2017-cars-gurgaon-10531760737/
2023 MG HECTOR,13.32 lakh,"EMI ₹22,807/m","28,741 km",Petrol,Auto,https://www.cars24.com/buy-used-mg-hector-2023-cars-gurgaon-10154865731/
2016 Maruti Baleno,3.05 lakh,"EMI ₹6,785/m","77,113 km",Petrol,Manual,https://www.cars24.com/buy-used-maruti-baleno-2016-cars-noida-11201664743/
2022 Toyota Innova Crysta,15.78 lakh,"EMI ₹27,019/m","55,536 km",Petrol,Auto,https://www.cars24.com/buy-used-toyota-innova-crysta-2022-cars-new-delhi-10184969724/
2018 Renault Kwid,1.78 lakh,"EMI ₹3,142/m","62,135 km",Petrol,Manual,https://www.cars24.com/buy-used-renault-kwid-2018-cars-noida-13842303727/
2022 MG ASTOR,7.48 lakh,"EMI ₹13,204/m","67,966 km",Petrol,Manual,https://www.cars24.com/buy-used-mg-astor-2022-cars-gurgaon-16301169717/
2014 Volkswagen Polo,2.80 lakh,"EMI ₹9,300/m","58,923 km",Petrol,Manual,https://www.cars24.com/buy-used-volkswagen-polo-2014-cars-new-delhi-10136766723/
2015 Hyundai Elite i20,2.77 lakh,"EMI ₹7,281/m","49,826 km",Petrol,Manual,https://www.cars24.com/buy-used-hyundai-elite-i20-2015-cars-ghaziabad-10054864799/
2023 Toyota Glanza,5.00 lakh,"EMI ₹8,826/m","60,527 km",Petrol,Manual,https://www.cars24.com/buy-used-toyota-glanza-2023-cars-gurgaon-29902666737/
2019 Honda City,5.21 lakh,"EMI ₹9,197/m","39,899 km",Petrol,Manual,https://www.cars24.com/buy-used-honda-city-2019-cars-noida-15157403748/
2016 Maruti Baleno,3.47 lakh,"EMI ₹7,719/m","24,753 km",Petrol,Auto,https://www.cars24.com/buy-used-maruti-baleno-2016-cars-new-delhi-10083761749/
2021 Skoda KUSHAQ,7.89 lakh,"EMI ₹13,928/m","95,540 km",Petrol,Auto,https://www.cars24.com/buy-used-skoda-kushaq-2021-cars-new-delhi-10022363733/
2019 Honda Civic,10.14 lakh,"EMI ₹17,362/m","64,799 km",Petrol,Auto,https://www.cars24.com/buy-used-honda-civic-2019-cars-new-delhi-10084965738/
2025 Maruti Alto K10,4.23 lakh,"EMI ₹7,467/m","18,282 km",CNG,Manual,https://www.cars24.com/buy-used-maruti-alto-k10-2025-cars-gurgaon-10164463748/
2017 Datsun Redi Go,1.31 lakh,"EMI ₹2,561/m","55,363 km",Petrol,Manual,https://www.cars24.com/buy-used-datsun-redi-go-2017-cars-new-delhi-10765441701/
2018 Honda City,4.47 lakh,"EMI ₹7,891/m","78,563 km",Petrol,Auto,https://www.cars24.com/buy-used-honda-city-2018-cars-noida-10028664733/
2021 Hyundai VENUE,6.89 lakh,"EMI ₹15,325/m","48,625 km",Diesel,Manual,https://www.cars24.com/buy-used-hyundai-venue-2021-cars-new-delhi-10012668749/
